key,reference,identificationDate,impact,probability,description,optionalLink
risk-01,R-000,2021/10/08 12:00, 90.0, 10.0,"Everything goes downd222",null
risk-02,R-125,2021/12/09 09:00, 48.2, 90.0,"wsndeinc h 22723",https://PoorMatCant.com
risk-03,R-559,2021/10/10 15:00, 91.5, 99.9,"zwuRjkCHdUYcgDmGTFgTLmghtgdflMWVZtEefIECVNgoxKstQMnnQkYnsjQuEkh",null
risk-04,R-999,2021/11/08 14:00, 50.0, 50.0,"Ed5c7uJVuLWkPT8RG6nkKe7Rg38PjGnErcPM 54YsMwrngh8E9uvz9ky p7RZghq6XSHB1LCGBXF4cD6v",
risk-05,R-199,2021/10/25 13:00, 77.7, 11.8,"cursus eget nunc scelerisque viverra mauris in aliquam sem fringilla",null
risk-06,R-584,2022/01/30 12:30, 42.0, 89.3,"ASKJjdbindsn a2341 a234",https://2bai3hb&baszd.net
risk-07,R-687,2021/10/07 10:00, 55.2, 49.5,"DEFCON LVL.1 is activated evrybody RUN",https://asd.za
risk-08,R-899,2021/09/12 10:20, 66.6, 44.3,"WHY Must 1 such as I suffer",null
risk-09,R-235,2021/08/19 10:00, 90.0, 01.5,"Everything as blown up",null
risk-10,R-688,2022/03/01 10:15, 99.9, 0.1,"Instant combustion",null
risk-11,R-058,2021/11/24 17:00, 120.0, 28.0,"asdvkhnaicsdw oa hszdy89o eihcug8 a euhadsh sa9ewh asd",https://twitteas.net
risk-12,R-320,2021/07/03 13:10, 111.1, 100.0,"12sdojhnb  6qw7casidjvgHyugap h)UAHsd",https://SNOOTGAMEISAWESOME.com
risk-13,R-428,2021/12/11 14:00, 20.3, 61.2,"THINGS ARE HAPPENING",null
risk-14,R-258,2021/10/08 14:30, 46.7, 12.0,"TARMongaiden is coming",
risk-15,R-402,2021/10/08 10:00, 02.2, 10.4,"titanic 2.0 electric boogaloo; here we go!!!!",null